Symbol,Name,Quantity,Price,PriceDate,MarketValue,Weight
NVDA,NVIDIA CORP,1.0,229.27999877929688,2026-10-09,229.27999877929688,0.11041851340277527
AAPL,APPLE INC,0.60307,336.6400146484375,2026-10-09,203.0174936340332,0.09777080408747585
GOOGL,ALPHABET INC A,0.5043,351.6600036621094,2026-10-09,177.34213984680176,0.08540585986482085
MSFT,MICROSOFT CORP,0.30684,535.0700073242188,2026-10-09,164.18088104736327,0.07906755456614509
AMZN,AMAZON.COM INC,0.44572,262.42999267578125,2026-10-09,116.97029633544922,0.05633149992326602
SPCX,SPACE X TECH SPACEX A,0.5447,162.57000732421875,2026-10-09,88.55188298950195,0.0426455309262685
TSM,TAIWAN SEMICONDUCTOR ADR,0.18955,453.30999755859375,2026-10-09,85.92491003723144,0.04138041207733556
META,META PLATFORMS INC A,0.10527,718.6699829101562,2026-10-09,75.65438910095214,0.03643425166345806
AVGO,BROADCOM INC,0.19659,361.5400085449219,2026-10-09,71.07515027984618,0.034228944851547635
TSLA,TESLA INC,0.12948,382.70001220703125,2026-10-09,49.55199758056641,0.023863651160652883
MU,MICRON TECHNOLOGY INC,0.04667,1029.0,2026-10-09,48.023430000000005,0.02312751124098947
LLY,ELI LILLY AND CO,0.0389,1179.27001953125,2026-10-09,45.87360375976562,0.02209218055892043
AMD,ADVANCED MICRO DEVIC,0.06746,608.0999755859375,2026-10-09,41.02242435302735,0.01975591040367754
SKHY,SK HYNIX INC ADR,0.2309,169.02999877929688,2026-10-09,39.02902671813965,0.018795913872637855
WMT,WALMART INC,0.32885,111.3499984741211,2026-10-09,36.61744699821472,0.017634525835983537
ASML,ASML HLDG N V ADR,0.01619,1780.3399658203125,2026-10-09,28.82370404663086,0.013881152165628503
XOM,EXXON MOBIL CORP,0.16991,168.94000244140625,2026-10-09,28.70459581481934,0.0138237910614734
JNJ,JOHNSON & JOHNSON,0.09958,261.44000244140625,2026-10-09,26.034195443115234,0.012537758085183927
INTC,INTEL CORP,0.20843,104.69999694824219,2026-10-09,21.82262036392212,0.010509513747236599
PLTR,PALANTIR TECHNOLOGIES A,0.0993,209.0500030517578,2026-10-09,20.75866530303955,0.009997125676862006
ABBV,ABBVIE INC,0.07302,276.4700012207031,2026-10-09,20.187839489135744,0.009722222771598739
CSCO,CISCO SYS INC,0.16287,118.38999938964844,2026-10-09,19.28217920059204,0.009286067576024156
COST,COSTCO WHSL CORP,0.01833,946.9199829101562,2026-10-09,17.357043286743163,0.008358945075861789
CVX,CHEVRON CORP,0.08164,211.97999572753906,2026-10-09,17.30604685119629,0.008334385800600511
ORCL,ORACLE CORP,0.11903,141.39999389648438,2026-10-09,16.830841273498535,0.008105532460887256
AMAT,APPLIED MATLS INC,0.03281,507.0299987792969,2026-10-09,16.63565425994873,0.008011532722635151
LRCX,LAM RESEARCH CORP,0.05171,318.8399963378906,2026-10-09,16.487216210632322,0.007940046728107985
KO,COCA-COLA CO,0.17779,88.05000305175781,2026-10-09,15.654410042572021,0.007538977208221962
DELL,DELL TECHNOLOGIES C,0.0267,586.0599975585938,2026-10-09,15.647801934814455,0.007535794822323146
CAT,CATERPILLAR INC,0.01899,800.469970703125,2026-10-09,15.200924743652344,0.007320584095768556
MRK,MERCK & CO INC,0.10195,145.60000610351562,2026-10-09,14.843920622253417,0.007148655167936178
PG,PROCTER & GAMBLE CO,0.09605,151.22999572753906,2026-10-09,14.525641089630126,0.006995375540293545
UNH,UNITEDHEALTH GROUP INC,0.03753,379.29998779296875,2026-10-09,14.235128541870118,0.0068554681614585045
PANW,PALO ALTO NETWORKS,0.03368,418.7799987792969,2026-10-09,14.104510358886719,0.006792564002067428
GE,GE AEROSPACE,0.04287,308.20001220703125,2026-10-09,13.21253452331543,0.006362999075866489
PM,PHILIP MORRIS INTL,0.06441,201.19000244140625,2026-10-09,12.958648057250976,0.006240730381234707
NVS,NOVARTIS AG ADR,0.08419,143.75,2026-10-09,12.1023125,0.005828329388086552
NFLX,NETFLIX INC,0.17206,70.30000305175781,2026-10-09,12.095818525085448,0.005825201967203974
HD,HOME DEPOT INC,0.0412,290.739990234375,2026-10-09,11.97848759765625,0.005768696791646241
ARM,ARM HLDGS PLC ADR,0.04413,266.2799987792969,2026-10-09,11.750936346130372,0.005659110822306568
CRWD,CROWDSTRIKE HLDGS A,0.04208,275.0400085449219,2026-10-09,11.573683559570313,0.005573747993919164
SHEL,SHELL PLC ADR,0.11348,100.18000030517578,2026-10-09,11.368426434631347,0.005474898610101326
ANET,ARISTA NETWORKS INC,0.05212,216.74000549316406,2026-10-09,11.29648908630371,0.005440254440951092
TM,TOYOTA MOTOR CORP ADR,0.05971,185.3000030517578,2026-10-09,11.06426318222046,0.005328417214681866
GEV,GE VERNOVA INC,0.01101,1004.72998046875,2026-10-09,11.062077084960938,0.005327364416309416
SAP,SAP SE ADR,0.05044,214.77999877929688,2026-10-09,10.833503138427734,0.005217285929249162
BABA,ALIBABA GROUP HLDG ADR,0.0963,111.37000274658203,2026-10-09,10.724931264495849,0.00516499900940993
TXN,TEXAS INSTRUMENTS INC,0.03774,283.739990234375,2026-10-09,10.708347231445313,0.0051570123368462
KLAC,KLA CORP,0.05399,195.57000732421875,2026-10-09,10.558824695434572,0.005085004066458815
RTX,RTX CORP,0.05569,185.97000122070312,2026-10-09,10.356669367980958,0.0049876484713230786
AZN,ASTRAZENECA PLC,0.06402,159.1999969482422,2026-10-09,10.191983804626464,0.004908337867775816
TMO,THERMO FISHER SCIENTIFIC,0.01528,658.02001953125,2026-10-09,10.0545458984375,0.0048421494110095385
SNDK,SANDISK CORP,0.00606,1581.8199462890625,2026-10-09,9.58582887451172,0.004616420881421239
AMGN,AMGEN INC,0.02234,414.8699951171875,2026-10-09,9.268195690917969,0.004463452527763957
LIN,LINDE PLC,0.01905,483.7300109863281,2026-10-09,9.215056709289552,0.004437861427858225
BHP,BHP GROUP LTD ADR,0.10493,86.73999786376953,2026-10-09,9.101627975845336,0.0043832355023926284
IBM,IBM CORP,0.03893,227.1300048828125,2026-10-09,8.84217109008789,0.004258284160060199
