SourceId,Index,Date,DateType,ForwardPE,Kind,Source,SourceURL,Method,FetchedAt
factset-sp500-ntm,S&P 500,2026-09-18,报告日期,19.1,未来12个月一致预期（周报）,FactSet Earnings Insight,https://advantage.factset.com/hubfs/Website/Resources%20Section/Research%20Desk/Earnings%20Insight/EarningsInsight_091826.pdf,FactSet 周报原值；日期为报告发布日期，不代表当天收盘后的实时估值。,2026-09-28T21:42:59-04:00
factset-sp500-ntm,S&P 500,2026-09-25,报告日期,19.2,未来12个月一致预期（周报）,FactSet Earnings Insight,https://advantage.factset.com/hubfs/Website/Resources%20Section/Research%20Desk/Earnings%20Insight/EarningsInsight_092526.pdf,FactSet 周报原值；日期为报告发布日期，不代表当天收盘后的实时估值。,2026-10-01T20:08:39-04:00
factset-sp500-ntm,S&P 500,2026-10-02,报告日期,19.0,未来12个月一致预期（周报）,FactSet Earnings Insight,https://advantage.factset.com/hubfs/Website/Resources%20Section/Research%20Desk/Earnings%20Insight/EarningsInsight_100226.pdf,FactSet 周报原值；日期为报告发布日期，不代表当天收盘后的实时估值。,2026-10-08T20:36:49-04:00
factset-sp500-ntm,S&P 500,2026-10-09,报告日期,19.1,未来12个月一致预期（周报）,FactSet Earnings Insight,https://advantage.factset.com/hubfs/Website/Resources%20Section/Research%20Desk/Earnings%20Insight/EarningsInsight_100926.pdf,FactSet 周报原值；日期为报告发布日期，不代表当天收盘后的实时估值。,2026-10-09T20:17:58-04:00
hom-ndx-etf-fy1fy2,Nasdaq-100,2026-08-05,观测日期,22.41,ETF权重估算,History of Market · 美股编年史,https://historyofmarket.com/api/ndx/forward-pe.json,使用ETF公开权重及FY1/FY2盈利一致预期估算未来12个月P/E；与终端历史序列分开记录。,2026-10-09T20:17:58-04:00
hom-ndx-etf-fy1fy2,Nasdaq-100,2026-08-06,观测日期,22.25,ETF权重估算,History of Market · 美股编年史,https://historyofmarket.com/api/ndx/forward-pe.json,使用ETF公开权重及FY1/FY2盈利一致预期估算未来12个月P/E；与终端历史序列分开记录。,2026-10-09T20:17:58-04:00
hom-ndx-etf-fy1fy2,Nasdaq-100,2026-08-07,观测日期,22.29,ETF权重估算,History of Market · 美股编年史,https://historyofmarket.com/api/ndx/forward-pe.json,使用ETF公开权重及FY1/FY2盈利一致预期估算未来12个月P/E；与终端历史序列分开记录。,2026-10-09T20:17:58-04:00
hom-ndx-etf-fy1fy2,Nasdaq-100,2026-08-10,观测日期,22.25,ETF权重估算,History of Market · 美股编年史,https://historyofmarket.com/api/ndx/forward-pe.json,使用ETF公开权重及FY1/FY2盈利一致预期估算未来12个月P/E；与终端历史序列分开记录。,2026-10-09T20:17:58-04:00
hom-ndx-etf-fy1fy2,Nasdaq-100,2026-08-11,观测日期,22.2,ETF权重估算,History of Market · 美股编年史,https://historyofmarket.com/api/ndx/forward-pe.json,使用ETF公开权重及FY1/FY2盈利一致预期估算未来12个月P/E；与终端历史序列分开记录。,2026-10-09T20:17:58-04:00
hom-ndx-etf-fy1fy2,Nasdaq-100,2026-08-12,观测日期,22.4,ETF权重估算,History of Market · 美股编年史,https://historyofmarket.com/api/ndx/forward-pe.json,使用ETF公开权重及FY1/FY2盈利一致预期估算未来12个月P/E；与终端历史序列分开记录。,2026-10-09T20:17:58-04:00
hom-ndx-etf-fy1fy2,Nasdaq-100,2026-08-13,观测日期,22.75,ETF权重估算,History of Market · 美股编年史,https://historyofmarket.com/api/ndx/forward-pe.json,使用ETF公开权重及FY1/FY2盈利一致预期估算未来12个月P/E；与终端历史序列分开记录。,2026-10-09T20:17:58-04:00
hom-ndx-etf-fy1fy2,Nasdaq-100,2026-08-14,观测日期,22.73,ETF权重估算,History of Market · 美股编年史,https://historyofmarket.com/api/ndx/forward-pe.json,使用ETF公开权重及FY1/FY2盈利一致预期估算未来12个月P/E；与终端历史序列分开记录。,2026-10-09T20:17:58-04:00
hom-ndx-etf-fy1fy2,Nasdaq-100,2026-08-17,观测日期,22.54,ETF权重估算,History of Market · 美股编年史,https://historyofmarket.com/api/ndx/forward-pe.json,使用ETF公开权重及FY1/FY2盈利一致预期估算未来12个月P/E；与终端历史序列分开记录。,2026-10-09T20:17:58-04:00
hom-ndx-etf-fy1fy2,Nasdaq-100,2026-08-18,观测日期,22.02,ETF权重估算,History of Market · 美股编年史,https://historyofmarket.com/api/ndx/forward-pe.json,使用ETF公开权重及FY1/FY2盈利一致预期估算未来12个月P/E；与终端历史序列分开记录。,2026-10-09T20:17:58-04:00
hom-ndx-etf-fy1fy2,Nasdaq-100,2026-08-19,观测日期,21.84,ETF权重估算,History of Market · 美股编年史,https://historyofmarket.com/api/ndx/forward-pe.json,使用ETF公开权重及FY1/FY2盈利一致预期估算未来12个月P/E；与终端历史序列分开记录。,2026-10-09T20:17:58-04:00
hom-ndx-etf-fy1fy2,Nasdaq-100,2026-08-20,观测日期,21.86,ETF权重估算,History of Market · 美股编年史,https://historyofmarket.com/api/ndx/forward-pe.json,使用ETF公开权重及FY1/FY2盈利一致预期估算未来12个月P/E；与终端历史序列分开记录。,2026-10-09T20:17:58-04:00
hom-ndx-etf-fy1fy2,Nasdaq-100,2026-08-21,观测日期,21.77,ETF权重估算,History of Market · 美股编年史,https://historyofmarket.com/api/ndx/forward-pe.json,使用ETF公开权重及FY1/FY2盈利一致预期估算未来12个月P/E；与终端历史序列分开记录。,2026-10-09T20:17:58-04:00
hom-ndx-etf-fy1fy2,Nasdaq-100,2026-08-24,观测日期,21.13,ETF权重估算,History of Market · 美股编年史,https://historyofmarket.com/api/ndx/forward-pe.json,使用ETF公开权重及FY1/FY2盈利一致预期估算未来12个月P/E；与终端历史序列分开记录。,2026-10-09T20:17:58-04:00
hom-ndx-etf-fy1fy2,Nasdaq-100,2026-08-25,观测日期,21.36,ETF权重估算,History of Market · 美股编年史,https://historyofmarket.com/api/ndx/forward-pe.json,使用ETF公开权重及FY1/FY2盈利一致预期估算未来12个月P/E；与终端历史序列分开记录。,2026-10-09T20:17:58-04:00
hom-ndx-etf-fy1fy2,Nasdaq-100,2026-08-26,观测日期,21.47,ETF权重估算,History of Market · 美股编年史,https://historyofmarket.com/api/ndx/forward-pe.json,使用ETF公开权重及FY1/FY2盈利一致预期估算未来12个月P/E；与终端历史序列分开记录。,2026-10-09T20:17:58-04:00
hom-ndx-etf-fy1fy2,Nasdaq-100,2026-08-27,观测日期,21.62,ETF权重估算,History of Market · 美股编年史,https://historyofmarket.com/api/ndx/forward-pe.json,使用ETF公开权重及FY1/FY2盈利一致预期估算未来12个月P/E；与终端历史序列分开记录。,2026-10-09T20:17:58-04:00
hom-ndx-etf-fy1fy2,Nasdaq-100,2026-08-28,观测日期,21.51,ETF权重估算,History of Market · 美股编年史,https://historyofmarket.com/api/ndx/forward-pe.json,使用ETF公开权重及FY1/FY2盈利一致预期估算未来12个月P/E；与终端历史序列分开记录。,2026-10-09T20:17:58-04:00
hom-ndx-etf-fy1fy2,Nasdaq-100,2026-08-31,观测日期,21.36,ETF权重估算,History of Market · 美股编年史,https://historyofmarket.com/api/ndx/forward-pe.json,使用ETF公开权重及FY1/FY2盈利一致预期估算未来12个月P/E；与终端历史序列分开记录。,2026-10-09T20:17:58-04:00
hom-ndx-etf-fy1fy2,Nasdaq-100,2026-09-01,观测日期,21.08,ETF权重估算,History of Market · 美股编年史,https://historyofmarket.com/api/ndx/forward-pe.json,使用ETF公开权重及FY1/FY2盈利一致预期估算未来12个月P/E；与终端历史序列分开记录。,2026-10-09T20:17:58-04:00
hom-ndx-etf-fy1fy2,Nasdaq-100,2026-09-02,观测日期,21.21,ETF权重估算,History of Market · 美股编年史,https://historyofmarket.com/api/ndx/forward-pe.json,使用ETF公开权重及FY1/FY2盈利一致预期估算未来12个月P/E；与终端历史序列分开记录。,2026-10-09T20:17:58-04:00
hom-ndx-etf-fy1fy2,Nasdaq-100,2026-09-03,观测日期,21.35,ETF权重估算,History of Market · 美股编年史,https://historyofmarket.com/api/ndx/forward-pe.json,使用ETF公开权重及FY1/FY2盈利一致预期估算未来12个月P/E；与终端历史序列分开记录。,2026-10-09T20:17:58-04:00
hom-ndx-etf-fy1fy2,Nasdaq-100,2026-09-04,观测日期,21.41,ETF权重估算,History of Market · 美股编年史,https://historyofmarket.com/api/ndx/forward-pe.json,使用ETF公开权重及FY1/FY2盈利一致预期估算未来12个月P/E；与终端历史序列分开记录。,2026-10-09T20:17:58-04:00
hom-ndx-etf-fy1fy2,Nasdaq-100,2026-09-07,观测日期,21.3,ETF权重估算,History of Market · 美股编年史,https://historyofmarket.com/api/ndx/forward-pe.json,使用ETF公开权重及FY1/FY2盈利一致预期估算未来12个月P/E；与终端历史序列分开记录。,2026-10-09T20:17:58-04:00
hom-ndx-etf-fy1fy2,Nasdaq-100,2026-09-08,观测日期,21.12,ETF权重估算,History of Market · 美股编年史,https://historyofmarket.com/api/ndx/forward-pe.json,使用ETF公开权重及FY1/FY2盈利一致预期估算未来12个月P/E；与终端历史序列分开记录。,2026-10-09T20:17:58-04:00
hom-ndx-etf-fy1fy2,Nasdaq-100,2026-09-09,观测日期,21.11,ETF权重估算,History of Market · 美股编年史,https://historyofmarket.com/api/ndx/forward-pe.json,使用ETF公开权重及FY1/FY2盈利一致预期估算未来12个月P/E；与终端历史序列分开记录。,2026-10-09T20:17:58-04:00
hom-ndx-etf-fy1fy2,Nasdaq-100,2026-09-10,观测日期,20.89,ETF权重估算,History of Market · 美股编年史,https://historyofmarket.com/api/ndx/forward-pe.json,使用ETF公开权重及FY1/FY2盈利一致预期估算未来12个月P/E；与终端历史序列分开记录。,2026-10-09T20:17:58-04:00
hom-ndx-etf-fy1fy2,Nasdaq-100,2026-09-11,观测日期,21.07,ETF权重估算,History of Market · 美股编年史,https://historyofmarket.com/api/ndx/forward-pe.json,使用ETF公开权重及FY1/FY2盈利一致预期估算未来12个月P/E；与终端历史序列分开记录。,2026-10-09T20:17:58-04:00
hom-ndx-etf-fy1fy2,Nasdaq-100,2026-09-14,观测日期,20.62,ETF权重估算,History of Market · 美股编年史,https://historyofmarket.com/api/ndx/forward-pe.json,使用ETF公开权重及FY1/FY2盈利一致预期估算未来12个月P/E；与终端历史序列分开记录。,2026-10-09T20:17:58-04:00
hom-ndx-etf-fy1fy2,Nasdaq-100,2026-09-15,观测日期,20.56,ETF权重估算,History of Market · 美股编年史,https://historyofmarket.com/api/ndx/forward-pe.json,使用ETF公开权重及FY1/FY2盈利一致预期估算未来12个月P/E；与终端历史序列分开记录。,2026-10-09T20:17:58-04:00
hom-ndx-etf-fy1fy2,Nasdaq-100,2026-09-16,观测日期,20.49,ETF权重估算,History of Market · 美股编年史,https://historyofmarket.com/api/ndx/forward-pe.json,使用ETF公开权重及FY1/FY2盈利一致预期估算未来12个月P/E；与终端历史序列分开记录。,2026-10-09T20:17:58-04:00
hom-ndx-etf-fy1fy2,Nasdaq-100,2026-09-17,观测日期,21.04,ETF权重估算,History of Market · 美股编年史,https://historyofmarket.com/api/ndx/forward-pe.json,使用ETF公开权重及FY1/FY2盈利一致预期估算未来12个月P/E；与终端历史序列分开记录。,2026-10-09T20:17:58-04:00
hom-ndx-etf-fy1fy2,Nasdaq-100,2026-09-18,观测日期,21.35,ETF权重估算,History of Market · 美股编年史,https://historyofmarket.com/api/ndx/forward-pe.json,使用ETF公开权重及FY1/FY2盈利一致预期估算未来12个月P/E；与终端历史序列分开记录。,2026-10-09T20:17:58-04:00
hom-ndx-etf-fy1fy2,Nasdaq-100,2026-09-29,观测日期,21.83,ETF权重估算,History of Market · 美股编年史,https://historyofmarket.com/api/ndx/forward-pe.json,使用ETF公开权重及FY1/FY2盈利一致预期估算未来12个月P/E；与终端历史序列分开记录。,2026-10-09T20:17:58-04:00
hom-ndx-etf-fy1fy2,Nasdaq-100,2026-09-30,观测日期,21.84,ETF权重估算,History of Market · 美股编年史,https://historyofmarket.com/api/ndx/forward-pe.json,使用ETF公开权重及FY1/FY2盈利一致预期估算未来12个月P/E；与终端历史序列分开记录。,2026-10-09T20:17:58-04:00
hom-ndx-etf-fy1fy2,Nasdaq-100,2026-10-01,观测日期,21.96,ETF权重估算,History of Market · 美股编年史,https://historyofmarket.com/api/ndx/forward-pe.json,使用ETF公开权重及FY1/FY2盈利一致预期估算未来12个月P/E；与终端历史序列分开记录。,2026-10-09T20:17:58-04:00
hom-ndx-etf-fy1fy2,Nasdaq-100,2026-10-02,观测日期,21.63,ETF权重估算,History of Market · 美股编年史,https://historyofmarket.com/api/ndx/forward-pe.json,使用ETF公开权重及FY1/FY2盈利一致预期估算未来12个月P/E；与终端历史序列分开记录。,2026-10-09T20:17:58-04:00
hom-ndx-etf-fy1fy2,Nasdaq-100,2026-10-05,观测日期,21.85,ETF权重估算,History of Market · 美股编年史,https://historyofmarket.com/api/ndx/forward-pe.json,使用ETF公开权重及FY1/FY2盈利一致预期估算未来12个月P/E；与终端历史序列分开记录。,2026-10-09T20:17:58-04:00
hom-ndx-etf-fy1fy2,Nasdaq-100,2026-10-06,观测日期,21.83,ETF权重估算,History of Market · 美股编年史,https://historyofmarket.com/api/ndx/forward-pe.json,使用ETF公开权重及FY1/FY2盈利一致预期估算未来12个月P/E；与终端历史序列分开记录。,2026-10-09T20:17:58-04:00
hom-ndx-etf-fy1fy2,Nasdaq-100,2026-10-07,观测日期,22.0,ETF权重估算,History of Market · 美股编年史,https://historyofmarket.com/api/ndx/forward-pe.json,使用ETF公开权重及FY1/FY2盈利一致预期估算未来12个月P/E；与终端历史序列分开记录。,2026-10-09T20:17:58-04:00
hom-ndx-etf-fy1fy2,Nasdaq-100,2026-10-08,观测日期,21.71,ETF权重估算,History of Market · 美股编年史,https://historyofmarket.com/api/ndx/forward-pe.json,使用ETF公开权重及FY1/FY2盈利一致预期估算未来12个月P/E；与终端历史序列分开记录。,2026-10-09T20:17:58-04:00
